<?xml version="1.0" encoding="UTF-8"?>
<!DOCTYPE codetemplates PUBLIC "-//NetBeans//DTD Editor Code Templates settings 1.0//EN" "http://www.netbeans.org/dtds/EditorCodeTemplates-1_0.dtd">
<codetemplates>
    <codetemplate abbreviation="gsm" xml:space="preserve">
        <code><![CDATA[/**
 * Метод возвращает текст объекта.
 * @return - возвращает текст объекта в log.
 */
public ${ret default="String"} Get${mname default="Method"}(){
    ${ret} ${str newVarName default="text"} = $("${selector newVarName default="selector"}").shouldBe(visible).getText();
    log.log(Level.INFO, "Get text Get${mname} : {0}", new Object[]
    {
        ${str}
    });
    return ${str};
}]]></code>
        <description><![CDATA[Устанавливает метод, возвращающий текст объекта.]]></description>
    </codetemplate>
    <codetemplate abbreviation="cntsm" xml:space="preserve">
        <code><![CDATA[/**
 * Метод возвращает кол-во элементов в {@code List<SelenideElement>}
 * 
 * @param ${listParam default="list"} - параметр принимает {@code List<SelenideElement>} 
 * @return - возвращает list.size();
 */
public int count${listName default="List"}(List<SelenideElement> ${listParam default="list"})
{
    int ${count default="count"} = ${listParam default="list"}.size();
    log.log(Level.INFO, "Get count${listName} : {0}", new Object[]
    {
        ${count}
    });
    return ${count};
}]]></code>
        <description><![CDATA[Устанавливает метод, который возвращает кол-во элементов в List<SelenideElement>.]]></description>
    </codetemplate>
    <codetemplate abbreviation="jaxbu" xml:space="preserve">
        <code><![CDATA[
            try {
                javax.xml.bind.JAXBContext jaxbCtx = javax.xml.bind.JAXBContext.newInstance(${UM_OBJ instanceof="java.lang.Object" default="umObj"}.getClass().getPackage().getName());
                javax.xml.bind.Unmarshaller unmarshaller = jaxbCtx.createUnmarshaller();
                ${UM_OBJ} = ${TYPE_CAST cast default=""} unmarshaller.unmarshal(new java.io.File("File path")); //NOI18N
            } catch (javax.xml.bind.JAXBException ex) {
                // XXXTODO Handle exception
                java.util.logging.Logger.getLogger("global").log(java.util.logging.Level.SEVERE, null, ex); //NOI18N
            }
        ]]></code>
        <description><![CDATA[Sample template to unmarshal JAXB objects.]]></description>
    </codetemplate>
    <codetemplate abbreviation="lsm" xml:space="preserve">
        <code><![CDATA[/**
 * Метод возвращает список объектов.
 * Использовать логирование при необходимости (замедляет выполнение теста).
 * @return - возвращает объекты SelenideElement.
 */
public List<SelenideElement> list${listName default="Obj"}()
{
    List<SelenideElement> ${list default="list"} = $$$("${selector newVarName default="selector"}");
    /*log.log(Level.INFO, "Get list${listName default="Obj"}: {0}", new Object[]
    {
        ${list}.toString()
    });*/
    return ${list};
}]]></code>
        <description><![CDATA[Устанавливает метод, который возвращает List<SelenideElement>.]]></description>
    </codetemplate>
    <codetemplate abbreviation="pobjsm" xml:space="preserve">
        <code><![CDATA[/*
    Вызов шаблона кода (шаблон + TAB).
    Виды шаблонов:
    csm - клик по объекту.
    gsm - возврат текста объекта.
    lsm - возврат List<SelenideElement>. 
    cntsm - возврат кол-во эл-в в list.
*/
    // <editor-fold desc="Field">
    /**
     * Параметр log. Обращаться из класса для записи лога.
     */
    private static Logger log;
// </editor-fold>

/**
 * Конструктор страницы объектов.
 * Указывает имя класса, записи которого будут вносится в лог.
 */
public ${clsname default="ClassName"}()
{
    log = Logger.getLogger(TemplatePage.class.getName());
}
    // <editor-fold desc="click">        
// </editor-fold>
    // <editor-fold desc="Get">       
// </editor-fold>
    // <editor-fold desc="list">      
// </editor-fold>
    // <editor-fold desc="count">      
// </editor-fold>]]></code>
        <description><![CDATA[Устанавливает базовый шаблон PageObject.]]></description>
    </codetemplate>
    <codetemplate abbreviation="testsm" xml:space="preserve">
        <code><![CDATA[    //<editor-fold desc="Field">
// </editor-fold>
/**
 * Метод устанавливает параметры браузера перед запуском теста.
 * @throws Exception - исключение при ошибки в установках теста.
 */
@BeforeClass
public static void setupTest() throws Exception
{
    //Browser.setHeadless(true);//-запускает браузер в фоновом режиме.
    //Browser.setHoldBrowserOpen(true);//-не закрывает браузер после завершения теста, игнорируя close().
    //Browser.setPage("page");//-устанавливает стартовую страницу.
    Browser.Connect(); //-запускает браузер.
}

/**
 * Метод выполняет тест.
 * @throws Exception - исключение при ошибки в выполнении теста.
 */
@Test
public void test${ClassName default="ClassName"}() throws Exception//тест для удачной авторизации
{
    ${cursor}
}

/**
 * Метод закрывает тест.
 * Метод может содержать инструкции для закрытия каких-либо подключений, браузера, сохранения логов и т.п.
 * @throws Exception - исключение при ошибки после завершения теста.
 */
@AfterClass
public static void closeTest() throws Exception
{
    close();// - закрывает browser. Игнорируется, если Browser.setHoldBrowserOpen(true);
}]]></code>
        <description><![CDATA[Устанавливает базовый шаблон автоматизированного теста Selenide + JUnit.
Использование объектов в тесте ТОЛЬКО с помощью паттернов PageObject и PageFactory.
При необходимости отредактировать Config.Browser для настройки проекта.]]></description>
    </codetemplate>
    <codetemplate abbreviation="ssm" xml:space="preserve">
        <code><![CDATA[/**
 * Метод печатает текст в объект.
 * Вносит в логи текст напечатанный в объект.
 * @param ${text} - печатает текст в объект.
 */
public void set${nameMethod default="Text"}(String ${text newVarName default="text"})
{
    $("${selector default="selector"}").shouldBe(visible).scrollIntoView("{block: \"end\"}").setValue(${text});
    String ${text_log default="text"} = $("${selector}").shouldBe(visible).getText();
    log.log(Level.INFO, "Get text set${nameMethod} : {0}", new Object[]
    {
        ${text_log}
    });
}]]></code>
    </codetemplate>
    <codetemplate abbreviation="csm" xml:space="preserve">
        <code><![CDATA[/**
 * Метод ожидает пока объект перейдет в активное состояния.
 * Прокручивает страницу до объекта и нажимает. 
 * @${location default="location"} - Вносит координаты объекта в log.
 */
public void click${mname default="Method"}(){
    $("${selector newVarName default="selector"}").shouldBe(enabled).scrollIntoView("{block: \"end\"}").click();
    Point ${location default="location"} = $("${selector newVarName default="selector"}").getLocation();
    log.log(Level.INFO, "Clicking click${mname}: {0}", new Object[]
    {
        ${location default="location"}
    });
}]]></code>
        <description><![CDATA[Устанавливает метод, который нажимает на объект.]]></description>
    </codetemplate>
    <codetemplate abbreviation="jaxbm" xml:space="preserve">
        <code><![CDATA[try {            
                javax.xml.bind.JAXBContext jaxbCtx= javax.xml.bind.JAXBContext.newInstance( ${OBJ2M instanceof="java.lang.Object" default="obj2BMarshalled"}.getClass().getPackage().getName());
                javax.xml.bind.Marshaller marshaller = jaxbCtx.createMarshaller();
                marshaller.setProperty(javax.xml.bind.Marshaller.JAXB_ENCODING, "UTF-8"); //NOI18N
                marshaller.setProperty(javax.xml.bind.Marshaller.JAXB_FORMATTED_OUTPUT, Boolean.TRUE);
                marshaller.marshal(${OBJ2M} , System.out);
            } catch (javax.xml.bind.JAXBException ex) {
                // XXXTODO Handle exception
                java.util.logging.Logger.getLogger("global").log(java.util.logging.Level.SEVERE, null, ex); //NOI18N
        }]]></code>
        <description><![CDATA[Sample template to marshal JAXB objects.]]></description>
    </codetemplate>
</codetemplates>
